Height,ELECT_DENS,TEMP,Oxi,Nit,Hyd,Hel,O2,NO
-100.0,6360,181,0,0,0,0,80,920
-101.0,6463,184,0,0,0,0,84,916
-102.0,6530,188,0,0,0,0,87,913
-103.0,6571,192,0,0,0,0,90,910
-104.0,6594,197,0,0,0,0,93,907
-105.0,6606,203,0,0,0,0,95,905
-106.0,6612,210,0,0,0,0,97,903
-107.0,6614,217,0,0,0,0,99,901
-108.0,6614,225,0,0,0,0,101,899
-109.0,6615,234,0,0,0,0,102,898
-110.0,6615,244,0,0,0,0,103,897
-111.0,6577,255,0,0,0,0,104,896
-112.0,6477,266,0,0,0,0,104,896
-113.0,6330,279,0,0,0,0,103,897
-114.0,6149,292,0,0,0,0,101,899
-115.0,5947,305,0,0,0,0,99,901
-116.0,5734,320,0,0,0,0,96,904
-117.0,5519,335,0,0,0,0,93,907
-118.0,5311,350,0,0,0,0,90,910
-119.0,5115,366,0,0,0,0,88,912
-120.0,4936,381,0,0,0,0,85,915
-121.0,4778,395,0,0,0,0,83,917
-122.0,4644,409,0,0,0,0,82,918
-123.0,4537,421,0,0,0,0,81,919
-124.0,4455,430,0,0,0,0,81,919
-125.0,4401,439,0,0,0,0,81,919
-126.0,4374,448,0,0,0,0,81,918
-127.0,4373,456,0,0,0,0,82,917
-128.0,4395,465,1,0,0,0,84,916
-129.0,4440,473,1,0,0,0,86,914
-130.0,4505,481,1,0,0,0,88,911
-131.0,4588,488,1,0,0,0,91,908
-132.0,4687,496,1,0,0,0,94,905
-133.0,4798,503,1,0,0,0,97,901
-134.0,4921,510,1,0,0,0,101,898
-135.0,5051,517,1,0,0,0,105,894
-136.0,5189,524,2,0,0,0,109,889
-137.0,5331,530,2,0,0,0,113,885
-138.0,5477,537,2,0,0,0,118,880
-139.0,5628,543,2,0,0,0,122,875
-140.0,5782,549,2,0,0,0,127,871
-141.0,5941,555,3,0,0,0,132,865
-142.0,6106,560,3,0,0,0,137,860
-143.0,6282,566,3,0,0,0,142,854
-144.0,6470,571,4,0,0,0,148,849
-145.0,6792,576,4,0,0,0,156,840
-146.0,7427,581,5,0,0,0,170,825
-147.0,8098,586,5,0,0,0,184,810
-148.0,8806,591,6,0,0,0,199,795
-149.0,9550,596,7,0,0,0,213,779
-150.0,10331,600,8,0,0,0,228,763
-151.0,11149,605,9,0,0,0,243,747
-152.0,12003,609,11,0,0,0,258,731
-153.0,12894,613,12,0,0,0,273,714
-154.0,13822,617,14,0,0,0,288,698
-155.0,14785,621,15,0,0,0,303,682
-156.0,15783,625,17,0,0,0,317,666
-157.0,16817,629,19,0,0,0,330,650
-158.0,17884,632,22,0,0,0,344,634
-159.0,18986,636,24,0,0,0,356,619
-160.0,20119,639,27,0,0,0,368,604
-161.0,21285,643,30,0,0,0,379,590
-162.0,22482,646,33,0,0,0,390,577
-163.0,23709,649,36,0,0,0,399,564
-164.0,24964,652,38,0,0,0,408,553
-165.0,26248,655,41,0,0,0,416,543
-166.0,27558,658,42,0,0,0,423,534
-167.0,28893,661,43,0,0,0,430,526
-168.0,30253,664,43,0,0,0,436,520
-169.0,31635,666,43,0,0,0,441,514
-170.0,33046,669,42,0,0,0,446,510
-171.0,34488,672,42,0,0,0,450,506
-172.0,35961,674,42,0,0,0,453,503
-173.0,37463,676,42,0,0,0,455,500
-174.0,38994,679,43,0,0,0,456,497
-175.0,40552,681,45,0,0,0,457,495
-176.0,42136,683,48,0,0,0,456,494
-177.0,43744,685,50,0,0,0,454,492
-178.0,45375,688,54,0,0,0,451,491
-179.0,47028,690,58,1,0,0,448,490
-180.0,48700,692,62,1,0,0,444,489
-181.0,50390,693,68,1,0,0,439,488
-182.0,52097,695,73,1,0,0,434,487
-183.0,53818,697,80,1,0,0,429,486
-184.0,55552,699,87,1,0,0,422,485
-185.0,57297,701,94,1,0,0,416,484
-186.0,59050,702,103,1,0,0,409,482
-187.0,60810,704,112,1,0,0,401,480
-188.0,62576,706,121,1,0,0,394,477
-189.0,64344,707,131,1,0,0,386,475
-190.0,66113,709,142,1,0,0,378,471
-191.0,67880,710,154,1,0,0,370,467
-192.0,69644,711,166,2,0,0,362,463
-193.0,71403,713,179,2,0,0,353,458
-194.0,73154,714,193,2,0,0,344,453
-195.0,74896,716,207,2,0,0,335,447
-196.0,76627,717,222,2,0,0,327,441
-197.0,78343,718,237,2,0,0,318,434
-198.0,80045,719,253,2,0,0,309,426
-199.0,81729,720,270,2,0,0,300,418
-200.0,83393,722,286,2,0,0,291,410
-201.0,85037,723,304,3,0,0,283,401
-202.0,86657,724,321,3,0,0,274,392
-203.0,88253,725,339,3,0,0,265,382
-204.0,89822,726,357,3,0,0,257,372
-205.0,91363,727,376,3,0,0,249,362
-206.0,92875,728,394,3,0,0,240,352
-207.0,94356,729,412,3,0,0,232,341
-208.0,95804,730,430,3,0,0,225,331
-209.0,97219,731,448,3,0,0,217,320
-210.0,98598,731,466,3,0,0,210,309
-211.0,99941,732,484,3,0,0,203,299
-212.0,101248,733,501,4,0,0,196,288
-213.0,102515,734,518,4,0,0,190,277
-214.0,103744,735,535,4,0,0,183,267
-215.0,104933,735,551,4,0,0,177,257
-216.0,106082,736,567,4,0,0,171,247
-217.0,107189,737,583,4,0,0,166,237
-218.0,108254,738,598,4,0,0,160,227
-219.0,109277,738,613,4,0,0,155,218
-220.0,110258,739,627,4,0,0,150,208
-221.0,111196,740,641,4,0,0,145,200
-222.0,112091,740,655,4,0,0,140,191
-223.0,112944,741,668,4,0,0,136,183
-224.0,113753,741,681,4,0,0,131,175
-225.0,114520,742,693,4,0,0,127,167
-226.0,115244,743,705,4,0,0,122,159
-227.0,115925,743,717,4,0,0,118,152
-228.0,116565,744,728,4,0,0,113,145
-229.0,117164,744,740,4,0,0,109,139
-230.0,117722,745,750,4,0,0,105,132
-231.0,118240,745,761,4,0,0,101,126
-232.0,118718,746,771,4,0,0,97,120
-233.0,119157,746,781,4,0,0,93,114
-234.0,119559,747,791,4,0,0,89,109
-235.0,119923,747,800,4,0,0,85,104
-236.0,120252,747,809,4,0,0,81,99
-237.0,120545,748,818,4,0,0,77,94
-238.0,120805,748,826,4,0,0,73,89
-239.0,121032,749,835,4,0,0,70,85
-240.0,121227,749,842,4,0,0,66,81
-241.0,121393,749,850,4,0,0,63,77
-242.0,121529,750,857,4,0,0,60,73
-243.0,121638,750,864,4,0,0,57,69
-244.0,121721,751,871,4,0,0,54,66
-245.0,121780,751,877,4,0,0,51,63
-246.0,121815,751,883,4,0,0,48,59
-247.0,121830,752,889,4,0,0,46,56
-248.0,121824,752,894,4,0,0,43,54
-249.0,121800,752,900,4,0,0,41,51
-250.0,121756,752,905,4,0,0,39,48
-251.0,121694,753,909,4,0,0,37,46
-252.0,121613,753,914,4,0,0,35,44
-253.0,121515,753,918,4,0,0,33,42
-254.0,121398,754,922,4,0,0,31,39
-255.0,121264,754,926,4,0,0,30,38
-256.0,121113,754,929,4,0,0,28,36
-257.0,120946,754,933,4,0,0,27,34
-258.0,120761,755,936,4,0,0,25,32
-259.0,120561,755,939,4,0,0,24,31
-260.0,120345,755,942,3,0,0,23,29
-261.0,120113,755,944,3,0,0,22,28
-262.0,119866,755,947,3,0,0,21,27
-263.0,119604,756,949,3,0,0,20,25
-264.0,119327,756,951,3,0,0,19,24
-265.0,119037,756,953,3,0,0,18,23
-266.0,118732,756,955,3,0,0,17,22
-267.0,118415,756,957,3,0,0,16,21
-268.0,118084,757,959,3,0,0,15,20
-269.0,117740,757,961,3,0,0,15,19
-270.0,117383,757,962,3,0,0,14,18
-271.0,117015,757,964,3,0,0,13,18
-272.0,116635,757,965,3,0,0,13,17
-273.0,116243,757,967,3,0,0,12,16
-274.0,115841,758,968,3,0,0,12,15
-275.0,115427,758,969,3,0,0,11,15
-276.0,115003,758,970,4,0,0,11,14
-277.0,114569,758,970,4,0,0,10,14
-278.0,114126,758,971,4,0,0,10,14
-279.0,113673,758,971,4,0,0,10,14
-280.0,113210,758,971,4,0,0,10,14
-281.0,112739,759,971,4,0,0,9,14
-282.0,112260,759,971,5,0,0,9,14
-283.0,111772,759,971,5,0,0,9,14
-284.0,111277,759,971,5,0,0,9,13
-285.0,110774,759,970,5,0,0,8,13
-286.0,110264,759,970,6,0,0,8,13
-287.0,109747,759,970,6,0,0,8,13
-288.0,109223,759,970,6,0,0,8,13
-289.0,108693,759,970,6,0,0,8,13
-290.0,108157,760,970,7,0,0,8,13
-291.0,107616,760,970,7,0,0,7,13
-292.0,107069,760,969,7,0,0,7,13
-293.0,106516,760,969,8,0,0,7,13
-294.0,105959,760,969,8,0,0,7,13
-295.0,105397,760,969,8,0,0,7,13
-296.0,104831,760,969,9,0,0,7,13
-297.0,104260,760,968,9,0,0,7,13
-298.0,103686,760,968,9,0,0,7,13
-299.0,103108,760,968,10,0,0,6,13
-300.0,102526,760,970,23,3,4,0,0
-301.0,101941,761,970,23,3,4,0,0
-302.0,101354,761,970,23,3,4,0,0
-303.0,100764,761,970,23,3,4,0,0
-304.0,100171,761,970,23,3,4,0,0
-305.0,99576,761,970,23,3,4,0,0
-306.0,98979,761,970,23,3,4,0,0
-307.0,98380,761,970,23,3,4,0,0
-308.0,97779,761,969,23,3,4,0,0
-309.0,97177,761,969,23,3,4,0,0
-310.0,96573,761,969,23,3,4,0,0
-311.0,95969,761,969,23,4,4,0,0
-312.0,95363,761,969,23,4,4,0,0
-313.0,94757,761,969,23,4,4,0,0
-314.0,94151,761,969,23,4,4,0,0
-315.0,93544,761,969,23,4,4,0,0
-316.0,92936,761,968,23,4,4,0,0
-317.0,92329,761,968,23,4,4,0,0
-318.0,91721,762,968,23,4,4,0,0
-319.0,91114,762,968,23,4,4,0,0
-320.0,90508,762,968,23,4,4,0,0
-321.0,89901,762,968,23,4,5,0,0
-322.0,89296,762,968,23,4,5,0,0
-323.0,88691,762,968,23,4,5,0,0
-324.0,88087,762,967,23,5,5,0,0
-325.0,87484,762,967,23,5,5,0,0
-326.0,86882,762,967,23,5,5,0,0
-327.0,86282,762,967,23,5,5,0,0
-328.0,85683,762,967,23,5,5,0,0
-329.0,85085,762,967,23,5,5,0,0
-330.0,84489,762,966,24,5,5,0,0
-331.0,83895,762,966,24,5,5,0,0
-332.0,83302,762,966,24,5,5,0,0
-333.0,82711,762,966,24,5,5,0,0
-334.0,82122,762,966,24,5,5,0,0
-335.0,81536,762,966,24,6,5,0,0
-336.0,80951,762,965,24,6,5,0,0
-337.0,80369,762,965,24,6,5,0,0
-338.0,79788,762,965,24,6,5,0,0
-339.0,79211,762,965,24,6,6,0,0
-340.0,78635,762,965,24,6,6,0,0
-341.0,78062,762,965,24,6,6,0,0
-342.0,77492,762,964,24,6,6,0,0
-343.0,76924,762,964,24,6,6,0,0
-344.0,76359,762,964,24,7,6,0,0
-345.0,75797,762,964,24,7,6,0,0
-346.0,75237,762,964,24,7,6,0,0
-347.0,74680,762,963,24,7,6,0,0
-348.0,74127,763,963,24,7,6,0,0
-349.0,73576,763,963,24,7,6,0,0
-350.0,73028,763,963,24,7,6,0,0
-351.0,72483,763,963,24,7,6,0,0
-352.0,71941,763,962,24,8,6,0,0
-353.0,71402,763,962,24,8,6,0,0
-354.0,70866,763,962,24,8,7,0,0
-355.0,70333,763,962,24,8,7,0,0
-356.0,69804,763,961,24,8,7,0,0
-357.0,69277,763,961,24,8,7,0,0
-358.0,68754,763,961,24,9,7,0,0
-359.0,68234,763,961,24,9,7,0,0
-360.0,67718,763,960,24,9,7,0,0
-361.0,67205,763,960,24,9,7,0,0
-362.0,66695,763,960,24,9,7,0,0
-363.0,66188,763,960,24,9,7,0,0
-364.0,65685,763,959,24,10,7,0,0
-365.0,65185,763,959,24,10,7,0,0
-366.0,64688,763,959,24,10,7,0,0
-367.0,64195,763,959,24,10,8,0,0
-368.0,63705,763,958,24,10,8,0,0
-369.0,63219,763,958,24,11,8,0,0
-370.0,62735,763,958,24,11,8,0,0
-371.0,62256,763,957,24,11,8,0,0
-372.0,61780,763,957,24,11,8,0,0
-373.0,61307,763,957,24,11,8,0,0
-374.0,60837,763,956,24,12,8,0,0
-375.0,60371,763,956,24,12,8,0,0
-376.0,59909,763,956,24,12,8,0,0
-377.0,59450,763,955,24,12,8,0,0
-378.0,58994,763,955,24,12,9,0,0
-379.0,58541,763,955,24,13,9,0,0
-380.0,58093,763,954,24,13,9,0,0
-381.0,57647,763,954,24,13,9,0,0
-382.0,57205,763,954,24,13,9,0,0
-383.0,56766,763,953,24,14,9,0,0
-384.0,56331,763,953,24,14,9,0,0
-385.0,55899,763,953,24,14,9,0,0
-386.0,55470,763,952,24,14,9,0,0
-387.0,55045,763,952,24,15,9,0,0
-388.0,54623,763,952,24,15,10,0,0
-389.0,54204,763,951,24,15,10,0,0
-390.0,53789,763,951,24,16,10,0,0
-391.0,53377,763,950,24,16,10,0,0
-392.0,52968,763,950,24,16,10,0,0
-393.0,52563,763,950,24,16,10,0,0
-394.0,52161,763,949,24,17,10,0,0
-395.0,51762,763,949,24,17,10,0,0
-396.0,51366,763,948,24,17,10,0,0
-397.0,50974,763,948,24,18,11,0,0
-398.0,50584,763,947,24,18,11,0,0
-399.0,50198,763,947,24,18,11,0,0
-400.0,49816,763,946,24,19,11,0,0
-401.0,49436,763,946,24,19,11,0,0
-402.0,49059,763,946,24,19,11,0,0
-403.0,48686,763,945,24,20,11,0,0
-404.0,48316,763,945,24,20,11,0,0
-405.0,47949,763,944,24,20,12,0,0
-406.0,47584,763,944,24,21,12,0,0
-407.0,47223,763,943,24,21,12,0,0
-408.0,46865,763,942,24,22,12,0,0
-409.0,46510,763,942,24,22,12,0,0
-410.0,46158,763,941,24,22,12,0,0
-411.0,45809,763,941,24,23,12,0,0
-412.0,45463,763,940,24,23,12,0,0
-413.0,45120,763,940,24,24,13,0,0
-414.0,44780,763,939,24,24,13,0,0
-415.0,44443,763,939,24,25,13,0,0
-416.0,44108,763,938,24,25,13,0,0
-417.0,43777,763,937,24,26,13,0,0
-418.0,43448,763,937,24,26,13,0,0
-419.0,43122,763,936,24,27,13,0,0
-420.0,42799,763,936,24,27,14,0,0
-421.0,42479,763,935,24,27,14,0,0
-422.0,42162,763,934,24,28,14,0,0
-423.0,41847,763,934,24,29,14,0,0
-424.0,41535,763,933,24,29,14,0,0
-425.0,41226,763,932,24,30,14,0,0
-426.0,40919,763,932,24,30,14,0,0
-427.0,40615,763,931,24,31,15,0,0
-428.0,40314,763,930,24,31,15,0,0
-429.0,40015,763,929,24,32,15,0,0
-430.0,39719,763,929,24,32,15,0,0
-431.0,39426,763,928,24,33,15,0,0
-432.0,39135,763,927,24,34,15,0,0
-433.0,38846,763,926,24,34,16,0,0
-434.0,38560,763,926,24,35,16,0,0
-435.0,38277,763,925,24,35,16,0,0
-436.0,37996,763,924,24,36,16,0,0
-437.0,37718,763,923,24,37,16,0,0
-438.0,37442,763,922,24,37,16,0,0
-439.0,37168,763,921,24,38,17,0,0
-440.0,36897,763,921,24,39,17,0,0
-441.0,36628,763,920,24,40,17,0,0
-442.0,36362,763,919,24,40,17,0,0
-443.0,36097,763,918,24,41,17,0,0
-444.0,35836,763,917,24,42,17,0,0
-445.0,35576,763,916,24,42,18,0,0
-446.0,35319,763,915,24,43,18,0,0
-447.0,35064,763,914,24,44,18,0,0
-448.0,34811,763,913,24,45,18,0,0
-449.0,34561,763,912,24,46,18,0,0
-450.0,34312,763,911,24,46,19,0,0
-451.0,34066,763,910,24,47,19,0,0
-452.0,33822,763,909,24,48,19,0,0
-453.0,33580,763,908,24,49,19,0,0
-454.0,33341,763,907,24,50,19,0,0
-455.0,33103,763,906,24,51,20,0,0
-456.0,32868,763,905,24,52,20,0,0
-457.0,32634,763,904,24,53,20,0,0
-458.0,32403,763,903,24,53,20,0,0
-459.0,32173,763,902,24,54,20,0,0
-460.0,31946,763,900,24,55,21,0,0
-461.0,31721,763,899,24,56,21,0,0
-462.0,31497,763,898,24,57,21,0,0
-463.0,31276,763,897,24,58,21,0,0
-464.0,31056,763,896,24,59,21,0,0
-465.0,30839,763,894,24,60,22,0,0
-466.0,30623,763,893,24,62,22,0,0
-467.0,30409,763,892,23,63,22,0,0
-468.0,30197,763,890,23,64,22,0,0
-469.0,29987,763,889,23,65,23,0,0
-470.0,29779,763,888,23,66,23,0,0
-471.0,29573,763,886,23,67,23,0,0
-472.0,29368,763,885,23,68,23,0,0
-473.0,29165,763,884,23,69,23,0,0
-474.0,28964,763,882,23,71,24,0,0
-475.0,28765,763,881,23,72,24,0,0
-476.0,28567,763,879,23,73,24,0,0
-477.0,28372,763,878,23,74,24,0,0
-478.0,28177,763,876,23,76,25,0,0
-479.0,27985,763,875,23,77,25,0,0
-480.0,27794,763,873,23,78,25,0,0
-481.0,27605,763,872,23,80,25,0,0
-482.0,27418,763,870,23,81,26,0,0
-483.0,27232,763,869,23,82,26,0,0
-484.0,27047,763,867,23,84,26,0,0
-485.0,26865,763,865,23,85,26,0,0
-486.0,26684,763,864,23,87,27,0,0
-487.0,26504,763,862,23,88,27,0,0
-488.0,26326,763,860,23,90,27,0,0
-489.0,26150,763,859,23,91,27,0,0
-490.0,25975,763,857,23,93,28,0,0
-491.0,25801,763,855,23,94,28,0,0
-492.0,25629,763,853,23,96,28,0,0
-493.0,25459,763,851,23,97,28,0,0
-494.0,25290,763,850,23,99,29,0,0
-495.0,25123,763,848,23,101,29,0,0
-496.0,24956,763,846,23,102,29,0,0
-497.0,24792,763,844,23,104,29,0,0
-498.0,24628,763,842,23,106,30,0,0
-499.0,24467,763,840,23,107,30,0,0
-500.0,24306,763,838,23,109,30,0,0
-501.0,24147,763,836,23,111,31,0,0
-502.0,23989,763,834,23,113,31,0,0
-503.0,23833,763,832,23,114,31,0,0
-504.0,23678,763,830,23,116,31,0,0
-505.0,23524,763,828,23,118,32,0,0
-506.0,23371,763,826,22,120,32,0,0
-507.0,23220,763,824,22,122,32,0,0
-508.0,23070,763,822,22,124,32,0,0
-509.0,22922,763,819,22,126,33,0,0
-510.0,22774,763,817,22,127,33,0,0
-511.0,22628,763,815,22,129,33,0,0
-512.0,22483,763,813,22,131,34,0,0
-513.0,22339,763,810,22,133,34,0,0
-514.0,22197,763,808,22,135,34,0,0
-515.0,22056,763,806,22,138,34,0,0
-516.0,21915,763,804,22,140,35,0,0
-517.0,21777,763,801,22,142,35,0,0
-518.0,21639,763,799,22,144,35,0,0
-519.0,21502,763,796,22,146,36,0,0
-520.0,21367,763,794,22,148,36,0,0
-521.0,21232,763,792,22,150,36,0,0
-522.0,21099,763,789,22,152,36,0,0
-523.0,20967,763,787,22,155,37,0,0
-524.0,20836,763,784,22,157,37,0,0
-525.0,20706,763,782,22,159,37,0,0
-526.0,20577,763,779,22,161,38,0,0
-527.0,20449,763,777,22,163,38,0,0
-528.0,20322,763,774,22,166,38,0,0
-529.0,20197,763,772,22,168,38,0,0
-530.0,20072,763,769,22,170,39,0,0
-531.0,19948,763,767,22,173,39,0,0
-532.0,19826,763,764,22,175,39,0,0
-533.0,19704,763,761,22,177,40,0,0
-534.0,19583,763,759,22,180,40,0,0
-535.0,19464,763,756,22,182,40,0,0
-536.0,19345,763,754,22,184,40,0,0
-537.0,19227,763,751,22,187,41,0,0
-538.0,19111,763,748,22,189,41,0,0
-539.0,18995,763,746,22,191,41,0,0
-540.0,18880,763,743,22,194,42,0,0
-541.0,18766,763,740,22,196,42,0,0
-542.0,18653,763,738,22,199,42,0,0
-543.0,18541,763,735,22,201,43,0,0
-544.0,18430,763,732,22,203,43,0,0
-545.0,18319,763,730,22,206,43,0,0
-546.0,18210,763,727,22,208,43,0,0
-547.0,18102,763,724,22,211,44,0,0
-548.0,17994,763,721,22,213,44,0,0
-549.0,17887,763,719,22,215,44,0,0
-550.0,17781,763,716,22,218,45,0,0
-551.0,17676,763,713,22,220,45,0,0
-552.0,17572,763,711,22,223,45,0,0
-553.0,17468,763,708,22,225,45,0,0
-554.0,17366,763,705,22,228,46,0,0
-555.0,17264,763,702,22,230,46,0,0
-556.0,17163,763,700,22,232,46,0,0
-557.0,17063,763,697,22,235,47,0,0
-558.0,16964,763,694,22,237,47,0,0
-559.0,16865,763,691,22,240,47,0,0
-560.0,16767,763,689,22,242,47,0,0
-561.0,16670,763,686,22,245,48,0,0
-562.0,16574,763,683,22,247,48,0,0
-563.0,16478,763,681,22,249,48,0,0
-564.0,16384,763,678,22,252,49,0,0
-565.0,16290,763,675,22,254,49,0,0
-566.0,16196,763,672,22,257,49,0,0
-567.0,16104,763,670,22,259,49,0,0
-568.0,16012,763,667,22,261,50,0,0
-569.0,15921,763,664,22,264,50,0,0
-570.0,15830,763,662,22,266,50,0,0
-571.0,15741,763,659,22,269,51,0,0
-572.0,15652,763,656,22,271,51,0,0
-573.0,15563,763,653,22,273,51,0,0
-574.0,15476,763,651,22,276,51,0,0
-575.0,15389,763,648,22,278,52,0,0
-576.0,15302,763,645,22,281,52,0,0
-577.0,15217,763,643,22,283,52,0,0
-578.0,15132,763,640,22,285,53,0,0
-579.0,15047,763,637,22,288,53,0,0
-580.0,14964,763,635,22,290,53,0,0
-581.0,14881,763,632,22,292,53,0,0
-582.0,14798,763,629,22,295,54,0,0
-583.0,14717,763,627,22,297,54,0,0
-584.0,14635,763,624,22,299,54,0,0
-585.0,14555,763,621,22,302,55,0,0
-586.0,14475,763,619,22,304,55,0,0
-587.0,14396,763,616,22,307,55,0,0
-588.0,14317,763,613,23,309,55,0,0
-589.0,14239,763,610,23,311,56,0,0
-590.0,14161,763,608,23,314,56,0,0
-591.0,14084,763,605,23,316,56,0,0
-592.0,14008,763,602,23,318,57,0,0
-593.0,13932,763,600,23,321,57,0,0
-594.0,13857,763,597,23,323,57,0,0
-595.0,13782,763,594,23,325,57,0,0
-596.0,13708,763,592,23,328,58,0,0
-597.0,13635,763,589,23,330,58,0,0
-598.0,13562,763,586,23,332,58,0,0
-599.0,13489,763,584,23,335,58,0,0
-600.0,13417,763,581,23,337,59,0,0
-601.0,13346,763,578,23,339,59,0,0
-602.0,13275,763,576,23,342,59,0,0
-603.0,13205,763,573,23,344,60,0,0
-604.0,13135,763,570,23,346,60,0,0
-605.0,13066,763,568,23,349,60,0,0
-606.0,12997,763,565,23,351,60,0,0
-607.0,12928,763,562,23,353,61,0,0
-608.0,12861,763,560,23,356,61,0,0
-609.0,12793,763,557,23,358,61,0,0
-610.0,12727,763,555,24,360,62,0,0
-611.0,12660,763,552,24,363,62,0,0
-612.0,12594,763,549,24,365,62,0,0
-613.0,12529,763,547,24,367,62,0,0
-614.0,12464,763,544,24,370,63,0,0
-615.0,12400,763,541,24,372,63,0,0
-616.0,12336,763,539,24,374,63,0,0
-617.0,12272,763,536,24,377,63,0,0
-618.0,12209,763,533,24,379,64,0,0
-619.0,12147,763,531,24,382,64,0,0
-620.0,12085,763,528,24,384,64,0,0
-621.0,12023,763,525,24,386,65,0,0
-622.0,11962,763,523,24,389,65,0,0
-623.0,11901,763,520,24,391,65,0,0
-624.0,11841,763,517,24,393,65,0,0
-625.0,11781,763,515,24,396,66,0,0
-626.0,11721,763,512,24,398,66,0,0
-627.0,11662,763,509,24,400,66,0,0
-628.0,11604,763,507,24,403,66,0,0
-629.0,11545,763,504,24,405,67,0,0
-630.0,11487,763,501,24,407,67,0,0
-631.0,11430,763,499,24,410,67,0,0
-632.0,11373,763,496,24,412,67,0,0
-633.0,11316,763,493,25,414,68,0,0
-634.0,11260,763,491,25,417,68,0,0
-635.0,11204,763,488,25,419,68,0,0
-636.0,11149,763,485,25,421,68,0,0
-637.0,11094,763,483,25,424,69,0,0
-638.0,11039,763,480,25,426,69,0,0
-639.0,10985,763,478,25,428,69,0,0
-640.0,10931,763,475,25,431,69,0,0
-641.0,10878,763,472,25,433,70,0,0
-642.0,10824,763,470,25,435,70,0,0
-643.0,10772,763,467,25,438,70,0,0
-644.0,10719,763,464,25,440,70,0,0
-645.0,10667,763,462,25,442,71,0,0
-646.0,10615,763,459,25,445,71,0,0
-647.0,10564,763,457,25,447,71,0,0
-648.0,10513,763,454,25,449,71,0,0
-649.0,10463,763,451,25,452,72,0,0
-650.0,10412,763,449,25,454,72,0,0
-651.0,10362,763,446,25,456,72,0,0
-652.0,10313,763,444,25,459,72,0,0
-653.0,10263,763,441,25,461,73,0,0
-654.0,10215,763,438,25,463,73,0,0
-655.0,10166,763,436,25,466,73,0,0
-656.0,10118,763,433,25,468,73,0,0
-657.0,10070,763,431,25,470,74,0,0
-658.0,10022,763,428,25,473,74,0,0
-659.0,9975,763,426,25,475,74,0,0
-660.0,9928,763,423,25,477,74,0,0
-661.0,9881,763,420,25,480,74,0,0
-662.0,9835,763,418,25,482,75,0,0
-663.0,9789,763,415,25,484,75,0,0
-664.0,9743,763,413,25,486,75,0,0
-665.0,9698,763,410,25,489,75,0,0
-666.0,9653,763,408,26,491,76,0,0
-667.0,9608,763,405,26,493,76,0,0
-668.0,9563,763,403,26,496,76,0,0
-669.0,9519,763,400,26,498,76,0,0
-670.0,9475,763,398,26,500,76,0,0
-671.0,9431,763,395,26,502,77,0,0
-672.0,9388,763,393,26,505,77,0,0
-673.0,9345,763,390,26,507,77,0,0
-674.0,9302,763,388,26,509,77,0,0
-675.0,9260,763,385,26,511,78,0,0
-676.0,9218,763,383,26,514,78,0,0
-677.0,9176,763,381,26,516,78,0,0
-678.0,9134,763,378,26,518,78,0,0
-679.0,9093,763,376,26,520,78,0,0
-680.0,9051,763,373,26,522,79,0,0
-681.0,9011,763,371,26,525,79,0,0
-682.0,8970,763,369,26,527,79,0,0
-683.0,8930,763,366,26,529,79,0,0
-684.0,8890,763,364,26,531,79,0,0
-685.0,8850,763,361,26,533,80,0,0
-686.0,8810,763,359,26,535,80,0,0
-687.0,8771,763,357,26,538,80,0,0
-688.0,8732,763,354,26,540,80,0,0
-689.0,8693,763,352,26,542,80,0,0
-690.0,8655,763,350,26,544,80,0,0
-691.0,8616,763,347,26,546,81,0,0
-692.0,8578,763,345,26,548,81,0,0
-693.0,8541,763,343,26,550,81,0,0
-694.0,8503,763,341,26,552,81,0,0
-695.0,8466,763,338,26,554,81,0,0
-696.0,8429,763,336,26,557,82,0,0
-697.0,8392,763,334,26,559,82,0,0
-698.0,8355,763,332,26,561,82,0,0
-699.0,8319,763,329,26,563,82,0,0
-700.0,8283,763,327,26,565,82,0,0
-701.0,8247,763,325,26,567,82,0,0
-702.0,8211,763,323,26,569,83,0,0
-703.0,8176,763,321,26,571,83,0,0
-704.0,8140,763,319,26,573,83,0,0
-705.0,8105,763,317,26,575,83,0,0
-706.0,8070,763,314,26,577,83,0,0
-707.0,8036,763,312,26,578,83,0,0
-708.0,8002,763,310,26,580,83,0,0
-709.0,7967,763,308,26,582,84,0,0
-710.0,7933,763,306,26,584,84,0,0
-711.0,7900,763,304,26,586,84,0,0
-712.0,7866,763,302,26,588,84,0,0
-713.0,7833,763,300,26,590,84,0,0
-714.0,7800,763,298,26,592,84,0,0
-715.0,7767,763,296,26,593,85,0,0
-716.0,7734,763,294,26,595,85,0,0
-717.0,7702,763,292,26,597,85,0,0
-718.0,7669,763,291,26,599,85,0,0
-719.0,7637,763,289,26,601,85,0,0
-720.0,7605,763,287,26,602,85,0,0
-721.0,7574,763,285,26,604,85,0,0
-722.0,7542,763,283,26,606,86,0,0
-723.0,7511,763,281,26,607,86,0,0
-724.0,7480,763,280,26,609,86,0,0
-725.0,7449,763,278,26,611,86,0,0
-726.0,7418,763,276,26,612,86,0,0
-727.0,7387,763,274,26,614,86,0,0
-728.0,7357,763,273,26,616,86,0,0
-729.0,7327,763,271,26,617,86,0,0
-730.0,7297,763,269,26,619,87,0,0
-731.0,7267,763,268,26,620,87,0,0
-732.0,7237,763,266,26,622,87,0,0
-733.0,7208,763,264,25,623,87,0,0
-734.0,7178,763,263,25,625,87,0,0
-735.0,7149,763,261,25,626,87,0,0
-736.0,7120,763,260,25,628,87,0,0
-737.0,7092,763,258,25,629,88,0,0
-738.0,7063,763,256,25,630,88,0,0
-739.0,7035,763,255,25,632,88,0,0
-740.0,7006,763,253,25,633,88,0,0
-741.0,6978,763,252,25,635,88,0,0
-742.0,6950,763,251,25,636,88,0,0
-743.0,6922,763,249,25,637,88,0,0
-744.0,6895,763,248,25,639,88,0,0
-745.0,6867,763,246,25,640,88,0,0
-746.0,6840,763,245,25,641,89,0,0
-747.0,6813,763,244,25,642,89,0,0
-748.0,6786,763,242,25,644,89,0,0
-749.0,6759,763,241,25,645,89,0,0
-750.0,6733,763,240,25,646,89,0,0
-751.0,6706,763,238,25,647,89,0,0
-752.0,6680,763,237,25,648,89,0,0
-753.0,6653,763,236,25,650,89,0,0
-754.0,6627,763,235,25,651,90,0,0
-755.0,6602,763,233,25,652,90,0,0
-756.0,6576,763,232,25,653,90,0,0
-757.0,6550,763,231,25,654,90,0,0
-758.0,6525,763,230,25,655,90,0,0
-759.0,6500,763,229,25,656,90,0,0
-760.0,6474,763,228,25,657,90,0,0
-761.0,6449,763,226,25,658,90,0,0
-762.0,6424,763,225,25,659,91,0,0
-763.0,6400,763,224,25,660,91,0,0
-764.0,6375,763,223,25,661,91,0,0
-765.0,6351,763,222,25,662,91,0,0
-766.0,6326,763,221,25,663,91,0,0
-767.0,6302,763,220,25,664,91,0,0
-768.0,6278,763,219,25,665,91,0,0
-769.0,6254,763,218,25,666,91,0,0
-770.0,6231,763,217,25,667,91,0,0
-771.0,6207,763,216,25,668,92,0,0
-772.0,6184,763,215,25,669,92,0,0
-773.0,6160,763,214,25,670,92,0,0
-774.0,6137,763,213,25,671,92,0,0
-775.0,6114,763,212,25,672,92,0,0
-776.0,6091,763,211,25,672,92,0,0
-777.0,6068,763,210,25,673,92,0,0
-778.0,6045,763,209,25,674,92,0,0
-779.0,6023,763,208,25,675,93,0,0
-780.0,6000,763,207,24,676,93,0,0
-781.0,5978,763,206,24,677,93,0,0
-782.0,5956,763,205,24,678,93,0,0
-783.0,5934,763,204,24,678,93,0,0
-784.0,5912,763,203,24,679,93,0,0
-785.0,5890,763,202,24,680,93,0,0
-786.0,5868,763,202,24,681,93,0,0
-787.0,5847,763,201,24,682,93,0,0
-788.0,5825,763,200,24,682,94,0,0
-789.0,5804,763,199,24,683,94,0,0
-790.0,5783,763,198,24,684,94,0,0
-791.0,5762,763,197,24,685,94,0,0
-792.0,5741,763,196,24,685,94,0,0
-793.0,5720,763,196,24,686,94,0,0
-794.0,5699,763,195,24,687,94,0,0
-795.0,5678,763,194,24,688,94,0,0
-796.0,5658,763,193,24,688,95,0,0
-797.0,5637,763,192,24,689,95,0,0
-798.0,5617,763,191,24,690,95,0,0
-799.0,5597,763,191,24,691,95,0,0
-800.0,5577,763,190,24,691,95,0,0
-801.0,5557,763,189,24,692,95,0,0
-802.0,5537,763,188,24,693,95,0,0
-803.0,5517,763,187,24,693,95,0,0
-804.0,5497,763,187,24,694,95,0,0
-805.0,5478,763,186,24,695,96,0,0
-806.0,5458,763,185,24,696,96,0,0
-807.0,5439,763,184,24,696,96,0,0
-808.0,5420,763,183,24,697,96,0,0
-809.0,5400,763,183,24,698,96,0,0
-810.0,5381,763,182,24,698,96,0,0
-811.0,5362,763,181,24,699,96,0,0
-812.0,5344,763,180,24,700,96,0,0
-813.0,5325,763,180,24,700,96,0,0
-814.0,5306,763,179,24,701,97,0,0
-815.0,5288,763,178,24,702,97,0,0
-816.0,5269,763,177,24,702,97,0,0
-817.0,5251,763,177,24,703,97,0,0
-818.0,5233,763,176,24,704,97,0,0
-819.0,5214,763,175,24,704,97,0,0
-820.0,5196,763,174,23,705,97,0,0
-821.0,5178,763,174,23,706,97,0,0
-822.0,5160,763,173,23,706,97,0,0
-823.0,5143,763,172,23,707,98,0,0
-824.0,5125,763,171,23,707,98,0,0
-825.0,5107,763,171,23,708,98,0,0
-826.0,5090,763,170,23,709,98,0,0
-827.0,5072,763,169,23,709,98,0,0
-828.0,5055,763,169,23,710,98,0,0
-829.0,5038,763,168,23,711,98,0,0
-830.0,5021,763,167,23,711,98,0,0
-831.0,5004,763,166,23,712,98,0,0
-832.0,4987,763,166,23,712,99,0,0
-833.0,4970,763,165,23,713,99,0,0
-834.0,4953,763,164,23,714,99,0,0
-835.0,4936,763,164,23,714,99,0,0
-836.0,4920,763,163,23,715,99,0,0
-837.0,4903,763,162,23,716,99,0,0
-838.0,4887,763,162,23,716,99,0,0
-839.0,4870,763,161,23,717,99,0,0
-840.0,4854,763,160,23,717,99,0,0
-841.0,4838,763,160,23,718,100,0,0
-842.0,4822,763,159,23,719,100,0,0
-843.0,4806,763,158,23,719,100,0,0
-844.0,4790,763,158,23,720,100,0,0
-845.0,4774,763,157,23,720,100,0,0
-846.0,4758,763,156,23,721,100,0,0
-847.0,4742,763,156,23,721,100,0,0
-848.0,4727,763,155,23,722,100,0,0
-849.0,4711,763,154,23,723,100,0,0
-850.0,4696,763,154,23,723,101,0,0
-851.0,4680,763,153,23,724,101,0,0
-852.0,4665,763,152,23,724,101,0,0
-853.0,4650,763,152,23,725,101,0,0
-854.0,4634,763,151,23,725,101,0,0
-855.0,4619,763,150,23,726,101,0,0
-856.0,4604,763,150,23,727,101,0,0
-857.0,4589,763,149,22,727,101,0,0
-858.0,4574,763,148,22,728,101,0,0
-859.0,4560,763,148,22,728,101,0,0
-860.0,4545,763,147,22,729,102,0,0
-861.0,4530,763,147,22,729,102,0,0
-862.0,4516,763,146,22,730,102,0,0
-863.0,4501,763,145,22,731,102,0,0
-864.0,4487,763,145,22,731,102,0,0
-865.0,4472,763,144,22,732,102,0,0
-866.0,4458,763,143,22,732,102,0,0
-867.0,4444,763,143,22,733,102,0,0
-868.0,4430,763,142,22,733,102,0,0
-869.0,4416,763,142,22,734,102,0,0
-870.0,4402,763,141,22,734,103,0,0
-871.0,4388,763,140,22,735,103,0,0
-872.0,4374,763,140,22,735,103,0,0
-873.0,4360,763,139,22,736,103,0,0
-874.0,4346,763,139,22,736,103,0,0
-875.0,4333,763,138,22,737,103,0,0
-876.0,4319,763,137,22,738,103,0,0
-877.0,4305,763,137,22,738,103,0,0
-878.0,4292,763,136,22,739,103,0,0
-879.0,4278,763,136,22,739,103,0,0
-880.0,4265,763,135,22,740,104,0,0
-881.0,4252,763,134,22,740,104,0,0
-882.0,4239,763,134,22,741,104,0,0
-883.0,4225,763,133,22,741,104,0,0
-884.0,4212,763,133,22,742,104,0,0
-885.0,4199,763,132,22,742,104,0,0
-886.0,4186,763,131,22,743,104,0,0
-887.0,4173,763,131,22,743,104,0,0
-888.0,4161,763,130,22,744,104,0,0
-889.0,4148,763,130,22,744,104,0,0
-890.0,4135,763,129,22,745,105,0,0
-891.0,4122,763,129,22,745,105,0,0
-892.0,4110,763,128,22,746,105,0,0
-893.0,4097,763,127,21,746,105,0,0
-894.0,4085,763,127,21,747,105,0,0
-895.0,4072,763,126,21,747,105,0,0
-896.0,4060,763,126,21,748,105,0,0
-897.0,4048,763,125,21,748,105,0,0
-898.0,4035,763,125,21,749,105,0,0
-899.0,4023,763,124,21,749,105,0,0
-900.0,4011,763,124,21,750,105,0,0
-901.0,3999,763,123,21,750,106,0,0
-902.0,3987,763,122,21,751,106,0,0
-903.0,3975,763,122,21,751,106,0,0
-904.0,3963,763,121,21,752,106,0,0
-905.0,3951,763,121,21,752,106,0,0
-906.0,3939,763,120,21,753,106,0,0
-907.0,3928,763,120,21,753,106,0,0
-908.0,3916,763,119,21,754,106,0,0
-909.0,3904,763,119,21,754,106,0,0
-910.0,3893,763,118,21,755,106,0,0
-911.0,3881,763,118,21,755,106,0,0
-912.0,3870,763,117,21,755,106,0,0
-913.0,3858,763,117,21,756,107,0,0
-914.0,3847,763,116,21,756,107,0,0
-915.0,3835,763,116,21,757,107,0,0
-916.0,3824,763,115,21,757,107,0,0
-917.0,3813,763,115,21,758,107,0,0
-918.0,3802,763,114,21,758,107,0,0
-919.0,3791,763,113,21,759,107,0,0
-920.0,3780,763,113,21,759,107,0,0
-921.0,3769,763,112,21,760,107,0,0
-922.0,3758,763,112,21,760,107,0,0
-923.0,3747,763,111,21,761,107,0,0
-924.0,3736,763,111,21,761,108,0,0
-925.0,3725,763,110,21,761,108,0,0
-926.0,3714,763,110,21,762,108,0,0
-927.0,3704,763,109,20,762,108,0,0
-928.0,3693,763,109,20,763,108,0,0
-929.0,3682,763,108,20,763,108,0,0
-930.0,3672,763,108,20,764,108,0,0
-931.0,3661,763,107,20,764,108,0,0
-932.0,3651,763,107,20,765,108,0,0
-933.0,3640,763,106,20,765,108,0,0
-934.0,3630,763,106,20,765,108,0,0
-935.0,3619,763,105,20,766,108,0,0
-936.0,3609,763,105,20,766,108,0,0
-937.0,3599,763,105,20,767,109,0,0
-938.0,3589,763,104,20,767,109,0,0
-939.0,3579,763,104,20,768,109,0,0
-940.0,3568,763,103,20,768,109,0,0
-941.0,3558,763,103,20,768,109,0,0
-942.0,3548,763,102,20,769,109,0,0
-943.0,3538,763,102,20,769,109,0,0
-944.0,3528,763,101,20,770,109,0,0
-945.0,3518,763,101,20,770,109,0,0
-946.0,3509,763,100,20,771,109,0,0
-947.0,3499,763,100,20,771,109,0,0
-948.0,3489,763,99,20,771,109,0,0
-949.0,3479,763,99,20,772,109,0,0
-950.0,3470,763,98,20,772,110,0,0
-951.0,3460,763,98,20,773,110,0,0
-952.0,3450,763,98,20,773,110,0,0
-953.0,3441,763,97,20,773,110,0,0
-954.0,3431,763,97,20,774,110,0,0
-955.0,3422,763,96,20,774,110,0,0
-956.0,3412,763,96,20,775,110,0,0
-957.0,3403,763,95,20,775,110,0,0
-958.0,3394,763,95,20,775,110,0,0
-959.0,3384,763,94,20,776,110,0,0
-960.0,3375,763,94,19,776,110,0,0
-961.0,3366,763,94,19,777,110,0,0
-962.0,3357,763,93,19,777,110,0,0
-963.0,3348,763,93,19,778,110,0,0
-964.0,3338,763,92,19,778,111,0,0
-965.0,3329,763,92,19,778,111,0,0
-966.0,3320,763,91,19,779,111,0,0
-967.0,3311,763,91,19,779,111,0,0
-968.0,3302,763,90,19,780,111,0,0
-969.0,3294,763,90,19,780,111,0,0
-970.0,3285,763,89,19,781,111,0,0
-971.0,3276,763,89,19,781,111,0,0
-972.0,3267,763,89,19,781,111,0,0
-973.0,3258,763,88,19,782,111,0,0
-974.0,3250,763,88,19,782,111,0,0
-975.0,3241,763,87,19,783,111,0,0
-976.0,3232,763,87,19,783,111,0,0
-977.0,3224,763,86,19,783,111,0,0
-978.0,3215,763,86,19,784,111,0,0
-979.0,3206,763,85,19,784,111,0,0
-980.0,3198,763,85,19,785,111,0,0
-981.0,3189,763,85,19,785,112,0,0
-982.0,3181,763,84,19,785,112,0,0
-983.0,3173,763,84,19,786,112,0,0
-984.0,3164,763,83,19,786,112,0,0
-985.0,3156,763,83,19,787,112,0,0
-986.0,3148,763,83,19,787,112,0,0
-987.0,3139,763,82,19,787,112,0,0
-988.0,3131,763,82,19,788,112,0,0
-989.0,3123,763,81,19,788,112,0,0
-990.0,3115,763,81,19,789,112,0,0
-991.0,3107,763,80,19,789,112,0,0
-992.0,3099,763,80,18,789,112,0,0
-993.0,3090,763,80,18,790,112,0,0
-994.0,3082,763,79,18,790,112,0,0
-995.0,3074,763,79,18,790,112,0,0
-996.0,3066,763,78,18,791,112,0,0
-997.0,3059,763,78,18,791,112,0,0
-998.0,3051,763,78,18,792,112,0,0
-999.0,3043,763,77,18,792,113,0,0
-1000.0,3035,763,77,18,792,113,0,0
-1001.0,3027,763,76,18,793,113,0,0
-1002.0,3019,763,76,18,793,113,0,0
-1003.0,3012,763,76,18,793,113,0,0
-1004.0,3004,763,75,18,794,113,0,0
-1005.0,2996,763,75,18,794,113,0,0
-1006.0,2989,763,75,18,794,113,0,0
-1007.0,2981,763,74,18,795,113,0,0
-1008.0,2973,763,74,18,795,113,0,0
-1009.0,2966,763,73,18,796,113,0,0
-1010.0,2958,763,73,18,796,113,0,0
-1011.0,2951,763,73,18,796,113,0,0
-1012.0,2943,763,72,18,797,113,0,0
-1013.0,2936,763,72,18,797,113,0,0
-1014.0,2929,763,72,18,797,113,0,0
-1015.0,2921,763,71,18,798,113,0,0
-1016.0,2914,763,71,18,798,113,0,0
-1017.0,2907,763,71,18,798,113,0,0
-1018.0,2899,763,70,18,799,114,0,0
-1019.0,2892,763,70,18,799,114,0,0
-1020.0,2885,763,69,18,799,114,0,0
-1021.0,2878,763,69,18,800,114,0,0
-1022.0,2870,763,69,18,800,114,0,0
-1023.0,2863,763,68,17,800,114,0,0
-1024.0,2856,763,68,17,801,114,0,0
-1025.0,2849,763,68,17,801,114,0,0
-1026.0,2842,763,67,17,801,114,0,0
-1027.0,2835,763,67,17,802,114,0,0
-1028.0,2828,763,67,17,802,114,0,0
-1029.0,2821,763,66,17,802,114,0,0
-1030.0,2814,763,66,17,803,114,0,0
-1031.0,2807,763,66,17,803,114,0,0
-1032.0,2800,763,65,17,803,114,0,0
-1033.0,2794,763,65,17,804,114,0,0
-1034.0,2787,763,65,17,804,114,0,0
-1035.0,2780,763,64,17,804,114,0,0
-1036.0,2773,763,64,17,805,114,0,0
-1037.0,2766,763,64,17,805,114,0,0
-1038.0,2760,763,63,17,805,114,0,0
-1039.0,2753,763,63,17,806,115,0,0
-1040.0,2746,763,63,17,806,115,0,0
-1041.0,2740,763,62,17,806,115,0,0
-1042.0,2733,763,62,17,806,115,0,0
-1043.0,2726,763,62,17,807,115,0,0
-1044.0,2720,763,61,17,807,115,0,0
-1045.0,2713,763,61,17,807,115,0,0
-1046.0,2707,763,61,17,808,115,0,0
-1047.0,2700,763,60,17,808,115,0,0
-1048.0,2694,763,60,17,808,115,0,0
-1049.0,2687,763,60,17,809,115,0,0
-1050.0,2681,763,60,17,809,115,0,0
-1051.0,2675,763,59,17,809,115,0,0
-1052.0,2668,763,59,17,809,115,0,0
-1053.0,2662,763,59,17,810,115,0,0
-1054.0,2656,763,58,17,810,115,0,0
-1055.0,2649,763,58,16,810,115,0,0
-1056.0,2643,763,58,16,811,115,0,0
-1057.0,2637,763,57,16,811,115,0,0
-1058.0,2630,763,57,16,811,115,0,0
-1059.0,2624,763,57,16,811,115,0,0
-1060.0,2618,763,57,16,812,115,0,0
-1061.0,2612,763,56,16,812,115,0,0
-1062.0,2606,763,56,16,812,115,0,0
-1063.0,2600,763,56,16,813,116,0,0
-1064.0,2594,763,55,16,813,116,0,0
-1065.0,2588,763,55,16,813,116,0,0
-1066.0,2582,763,55,16,813,116,0,0
-1067.0,2575,763,54,16,814,116,0,0
-1068.0,2569,763,54,16,814,116,0,0
-1069.0,2564,763,54,16,814,116,0,0
-1070.0,2558,763,54,16,815,116,0,0
-1071.0,2552,763,53,16,815,116,0,0
-1072.0,2546,763,53,16,815,116,0,0
-1073.0,2540,763,53,16,815,116,0,0
-1074.0,2534,763,53,16,816,116,0,0
-1075.0,2528,763,52,16,816,116,0,0
-1076.0,2522,763,52,16,816,116,0,0
-1077.0,2517,763,52,16,816,116,0,0
-1078.0,2511,763,51,16,817,116,0,0
-1079.0,2505,763,51,16,817,116,0,0
-1080.0,2499,763,51,16,817,116,0,0
-1081.0,2494,763,51,16,817,116,0,0
-1082.0,2488,763,50,16,818,116,0,0
-1083.0,2482,763,50,16,818,116,0,0
-1084.0,2477,763,50,16,818,116,0,0
-1085.0,2471,763,50,16,818,116,0,0
-1086.0,2465,763,49,16,819,116,0,0
-1087.0,2460,763,49,16,819,116,0,0
-1088.0,2454,763,49,16,819,116,0,0
-1089.0,2449,763,49,15,819,117,0,0
-1090.0,2443,763,48,15,820,117,0,0
-1091.0,2438,763,48,15,820,117,0,0
-1092.0,2432,763,48,15,820,117,0,0
-1093.0,2427,763,48,15,820,117,0,0
-1094.0,2421,763,47,15,821,117,0,0
-1095.0,2416,763,47,15,821,117,0,0
-1096.0,2410,763,47,15,821,117,0,0
-1097.0,2405,763,47,15,821,117,0,0
-1098.0,2400,763,46,15,822,117,0,0
-1099.0,2394,763,46,15,822,117,0,0
